GID_2,GID_0,COUNTRY,GID_1,NAME_1,NL_NAME_1,NAME_2,VARNAME_2,NL_NAME_2,TYPE_2,ENGTYPE_2,CC_2,HASC_2,light_mean
CHN.1.1_1,CHN,China,CHN.1_1,Anhui,安徽|安徽,Anqing,Ānqìng,安庆市,Dìjíshì,Prefecture City,NA,NA,0.366868556982354
CHN.1.2_1,CHN,China,CHN.1_1,Anhui,安徽|安徽,Bengbu,Bèngbù,蚌埠市,Dìjíshì,Prefecture City,NA,NA,1.29539379481774
CHN.1.3_1,CHN,China,CHN.1_1,Anhui,安徽|安徽,Bozhou,Bózhōu,亳州市,Dìjíshì,Prefecture City,NA,NA,0.732201096198408
CHN.1.4_1,CHN,China,CHN.1_1,Anhui,安徽|安徽,Chaohu,Cháohú,巢湖市,Dìjíshì,Prefecture City,NA,NA,0.830343975115776
CHN.1.5_1,CHN,China,CHN.1_1,Anhui,安徽|安徽,Chizhou,Chízhōu,池州市,Dìjíshì,Prefecture City,NA,NA,0.284817287519977
CHN.1.6_1,CHN,China,CHN.1_1,Anhui,安徽|安徽,Chuzhou,Chúzhōu,滁州市,Dìjíshì,Prefecture City,NA,NA,0.82662522828752
CHN.1.7_1,CHN,China,CHN.1_1,Anhui,安徽|安徽,Fuyang,Fùyáng,阜阳市,Dìjíshì,Prefecture City,NA,NA,1.02609587121358
CHN.1.8_1,CHN,China,CHN.1_1,Anhui,安徽|安徽,Hefei,Héféi,合肥市,Dìjíshì,Prefecture City,NA,NA,3.35463366093978
CHN.1.9_1,CHN,China,CHN.1_1,Anhui,安徽|安徽,Huaibei,Huáiběi,淮北市,Dìjíshì,Prefecture City,NA,NA,1.63466570829894
CHN.1.10_1,CHN,China,CHN.1_1,Anhui,安徽|安徽,Huainan,Huáinán,淮南市,Dìjíshì,Prefecture City,NA,NA,1.70546310119585
CHN.1.11_1,CHN,China,CHN.1_1,Anhui,安徽|安徽,Huangshan,Huángshān,黄山市,Dìjíshì,Prefecture City,NA,NA,0.147615357509742
CHN.1.12_1,CHN,China,CHN.1_1,Anhui,安徽|安徽,Lu'an,Lù'ān,六安市,Dìjíshì,Prefecture City,NA,NA,0.402515582278979
CHN.1.13_1,CHN,China,CHN.1_1,Anhui,安徽|安徽,Ma'anshan,Mǎ'ānshān,马鞍山市,Dìjíshì,Prefecture City,NA,NA,3.64980802601764
CHN.1.14_1,CHN,China,CHN.1_1,Anhui,安徽|安徽,Suzhou,Sùzhōu,宿州市,Dìjíshì,Prefecture City,NA,NA,0.712437797574442
CHN.1.15_1,CHN,China,CHN.1_1,Anhui,安徽|安徽,Tongling,Tónglíng,铜陵市,Dìjíshì,Prefecture City,NA,NA,2.53034850688766
CHN.1.16_1,CHN,China,CHN.1_1,Anhui,安徽|安徽,Wuhu,Wúhú,芜湖市,Dìjíshì,Prefecture City,NA,NA,2.45885610426879
CHN.1.17_1,CHN,China,CHN.1_1,Anhui,安徽|安徽,Xuancheng,Xuānchéng,宣城市,Dìjíshì,Prefecture City,NA,NA,0.440311640350386
CHN.2.1_1,CHN,China,CHN.2_1,Beijing,北京|北京,Beijing,Běijīng,北京|北京,Zhíxiáshì,Municipality,NA,NA,4.40677408287247
CHN.3.1_1,CHN,China,CHN.3_1,Chongqing,重慶|重庆,Chongqing,Chóngqìng,重慶|重庆,Zhíxiáshì,Municipality,NA,NA,0.640432355266832
CHN.4.1_1,CHN,China,CHN.4_1,Fujian,福建,Fuzhou,Fúzhōu,福州市,Dìjíshì,Prefecture City,NA,NA,1.99610815568912
CHN.4.2_1,CHN,China,CHN.4_1,Fujian,福建,Longyan,Lóngyán,龙岩市,Dìjíshì,Prefecture City,NA,NA,0.337189544669097
CHN.4.3_1,CHN,China,CHN.4_1,Fujian,福建,Nanping,Nánpíng,南平市,Dìjíshì,Prefecture City,NA,NA,0.211603287311023
CHN.4.4_1,CHN,China,CHN.4_1,Fujian,福建,Ningde,Níngdé,宁德市,Dìjíshì,Prefecture City,NA,NA,0.487296546232689
CHN.4.5_1,CHN,China,CHN.4_1,Fujian,福建,Putian,Pútián,莆田市,Dìjíshì,Prefecture City,NA,NA,2.48441510570369
CHN.4.6_1,CHN,China,CHN.4_1,Fujian,福建,Quanzhou,Quánzhōu,泉州市,Dìjíshì,Prefecture City,NA,NA,2.56939445575564
CHN.4.7_1,CHN,China,CHN.4_1,Fujian,福建,Sanming,Sānmíng,三明市,Dìjíshì,Prefecture City,NA,NA,0.223597905000043
CHN.4.8_1,CHN,China,CHN.4_1,Fujian,福建,Xiamen,Xiàmén,厦门市,Dìjíshì,Prefecture City,NA,NA,9.55445775454551
CHN.4.9_1,CHN,China,CHN.4_1,Fujian,福建,Zhangzhou,Zhāngzhōu,漳州市,Dìjíshì,Prefecture City,NA,NA,1.20228805283569
CHN.5.1_1,CHN,China,CHN.5_1,Gansu,甘肅|甘肃,Baiyin,Báiyín,白银市,Dìjíshì,Prefecture City,NA,NA,0.19588128431834
CHN.5.2_1,CHN,China,CHN.5_1,Gansu,甘肅|甘肃,Dingxi,Dìngxī,定西市,Dìjíshì,Prefecture City,NA,NA,0.201810923122695
CHN.5.3_1,CHN,China,CHN.5_1,Gansu,甘肅|甘肃,Gannan Tibetan,Gānnán Zàngzú,甘南藏族自治州,Zìzhìzhou,Autonomous Prefecture,NA,NA,0.0745985004789091
CHN.5.4_1,CHN,China,CHN.5_1,Gansu,甘肅|甘肃,Jiayuguan,Jiāyùguān,嘉峪关市,Dìjíshì,Prefecture City,NA,NA,1.78350692937374
CHN.5.5_1,CHN,China,CHN.5_1,Gansu,甘肅|甘肃,Jinchang,Jīnchāng,金昌市,Dìjíshì,Prefecture City,NA,NA,0.292253581625653
CHN.5.6_1,CHN,China,CHN.5_1,Gansu,甘肅|甘肃,Jiuquan,Jiǔquán,酒泉市,Dìjíshì,Prefecture City,NA,NA,0.0963769222776278
CHN.5.7_1,CHN,China,CHN.5_1,Gansu,甘肅|甘肃,Lanzhou,Lánzhōu,兰州市,Dìjíshì,Prefecture City,NA,NA,0.99316225609341
CHN.5.8_1,CHN,China,CHN.5_1,Gansu,甘肅|甘肃,Linxia Hui,Línxià Huizù,临夏回族自治州,Zìzhìzhou,Autonomous Prefecture,NA,NA,0.307232551795149
CHN.5.9_1,CHN,China,CHN.5_1,Gansu,甘肅|甘肃,Longnan,Lǒngnán,陇南市,Dìjíshì,Prefecture City,NA,NA,0.124054082879921
CHN.5.10_1,CHN,China,CHN.5_1,Gansu,甘肅|甘肃,Pingliang,Píngliáng,平凉市,Dìjíshì,Prefecture City,NA,NA,0.276645238314421
CHN.5.11_1,CHN,China,CHN.5_1,Gansu,甘肅|甘肃,Qingyang,Qìngyáng,庆阳市,Dìjíshì,Prefecture City,NA,NA,0.433481845618977
CHN.5.12_1,CHN,China,CHN.5_1,Gansu,甘肅|甘肃,Tianshui,Tiānshuǐ,天水市,Dìjíshì,Prefecture City,NA,NA,0.273446803685205
CHN.5.13_1,CHN,China,CHN.5_1,Gansu,甘肅|甘肃,Wuwei,Wǔwēi,武威市,Dìjíshì,Prefecture City,NA,NA,0.158065507265549
CHN.5.14_1,CHN,China,CHN.5_1,Gansu,甘肅|甘肃,Zhangye,Zhāngyè,张掖市,Dìjíshì,Prefecture City,NA,NA,0.119303060518162
CHN.6.1_1,CHN,China,CHN.6_1,Guangdong,廣東|广东,Chaozhou,Cháozhōu,潮州市,Dìjíshì,Prefecture City,NA,NA,1.77942512341599
CHN.6.2_1,CHN,China,CHN.6_1,Guangdong,廣東|广东,Dongguan,Dōngguǎn,东莞市,Dìjíshì,Prefecture City,NA,NA,12.8422123739425
CHN.6.3_1,CHN,China,CHN.6_1,Guangdong,廣東|广东,Foshan,Fóshān,佛山市,Dìjíshì,Prefecture City,NA,NA,7.29766648893183
CHN.6.4_1,CHN,China,CHN.6_1,Guangdong,廣東|广东,Guangzhou,Guǎngzhōu,广州市,Dìjíshì,Prefecture City,NA,NA,6.48669127798923
CHN.6.5_1,CHN,China,CHN.6_1,Guangdong,廣東|广东,Heyuan,Héyuán,河源市,Dìjíshì,Prefecture City,NA,NA,0.357084190960606
CHN.6.6_1,CHN,China,CHN.6_1,Guangdong,廣東|广东,Huizhou,Huìzhōu,惠州市,Dìjíshì,Prefecture City,NA,NA,1.65195968458565
CHN.6.7_1,CHN,China,CHN.6_1,Guangdong,廣東|广东,Jiangmen,Jiāngmén,江门市,Dìjíshì,Prefecture City,NA,NA,1.40345635817425
CHN.6.8_1,CHN,China,CHN.6_1,Guangdong,廣東|广东,Jieyang,Jiēyáng,揭阳市,Dìjíshì,Prefecture City,NA,NA,1.76138339281632
CHN.6.9_1,CHN,China,CHN.6_1,Guangdong,廣東|广东,Maoming,Màomíng,茂名市,Dìjíshì,Prefecture City,NA,NA,0.687020560983893
CHN.6.10_1,CHN,China,CHN.6_1,Guangdong,廣東|广东,Meizhou,Méizhōu,梅州市,Dìjíshì,Prefecture City,NA,NA,0.394583776294713
CHN.6.11_1,CHN,China,CHN.6_1,Guangdong,廣東|广东,Qingyuan,Qīngyuǎn,清远市,Dìjíshì,Prefecture City,NA,NA,0.528756712069186
CHN.6.12_1,CHN,China,CHN.6_1,Guangdong,廣東|广东,Shantou,Shàntóu,汕头市,Dìjíshì,Prefecture City,NA,NA,5.42701097349093
CHN.6.13_1,CHN,China,CHN.6_1,Guangdong,廣東|广东,Shanwei,Shànwěi,汕尾市,Dìjíshì,Prefecture City,NA,NA,1.03801784428949
CHN.6.14_1,CHN,China,CHN.6_1,Guangdong,廣東|广东,Shaoguan,Sháoguān,韶关市,Dìjíshì,Prefecture City,NA,NA,0.292739627236242
CHN.6.15_1,CHN,China,CHN.6_1,Guangdong,廣東|广东,Shenzhen,Shēnzhèn,深圳市,Dìjíshì,Prefecture City,NA,NA,16.532528206379
CHN.6.16_1,CHN,China,CHN.6_1,Guangdong,廣東|广东,Yangjiang,Yángjiāng,阳江市,Dìjíshì,Prefecture City,NA,NA,0.786982516424085
CHN.6.17_1,CHN,China,CHN.6_1,Guangdong,廣東|广东,Yunfu,Yúnfú,云浮市,Dìjíshì,Prefecture City,NA,NA,0.520037459009627
CHN.6.18_1,CHN,China,CHN.6_1,Guangdong,廣東|广东,Zhanjiang,Zhànjiāng,湛江市,Dìjíshì,Prefecture City,NA,NA,0.826812029288112
CHN.6.19_1,CHN,China,CHN.6_1,Guangdong,廣東|广东,Zhaoqing,Zhàoqìng,肇庆市,Dìjíshì,Prefecture City,NA,NA,0.524554324933023
CHN.6.20_1,CHN,China,CHN.6_1,Guangdong,廣東|广东,Zhongshan,Zhōngshān,中山市,Dìjíshì,Prefecture City,NA,NA,8.53796843028714
CHN.6.21_1,CHN,China,CHN.6_1,Guangdong,廣東|广东,Zhuhai,Zhūhǎi,珠海市,Dìjíshì,Prefecture City,NA,NA,5.3559694340137
CHN.7.1_1,CHN,China,CHN.7_1,Guangxi,廣西壯族自治區|广西壮族自治区,Baise,Bǎisè,百色市,Dìjíshì,Prefecture City,NA,NA,0.167115370611389
CHN.7.2_1,CHN,China,CHN.7_1,Guangxi,廣西壯族自治區|广西壮族自治区,Beihai,Běihǎi,北海市,Dìjíshì,Prefecture City,NA,NA,1.43127032924978
CHN.7.3_1,CHN,China,CHN.7_1,Guangxi,廣西壯族自治區|广西壮族自治区,Chongzuo,Chóngzuǒ,崇左市,Dìjíshì,Prefecture City,NA,NA,0.151151208375514
CHN.7.4_1,CHN,China,CHN.7_1,Guangxi,廣西壯族自治區|广西壮族自治区,Fangchenggang,Fángchénggǎng,防城港市,Dìjíshì,Prefecture City,NA,NA,0.355629448163611
CHN.7.5_1,CHN,China,CHN.7_1,Guangxi,廣西壯族自治區|广西壮族自治区,Guigang,Guìgǎng,贵港市,Dìjíshì,Prefecture City,NA,NA,0.366209822077019
CHN.7.6_1,CHN,China,CHN.7_1,Guangxi,廣西壯族自治區|广西壮族自治区,Guilin,Guìlín,桂林市,Dìjíshì,Prefecture City,NA,NA,0.301720869874881
CHN.7.7_1,CHN,China,CHN.7_1,Guangxi,廣西壯族自治區|广西壮族自治区,Hechi,Héchí,河池市,Dìjíshì,Prefecture City,NA,NA,0.112864233230578
CHN.7.8_1,CHN,China,CHN.7_1,Guangxi,廣西壯族自治區|广西壮族自治区,Hezhou,Hèzhōu,贺州市,Dìjíshì,Prefecture City,NA,NA,0.158221980833633
CHN.7.9_1,CHN,China,CHN.7_1,Guangxi,廣西壯族自治區|广西壮族自治区,Laibin,Láibīn,来宾市,Dìjíshì,Prefecture City,NA,NA,0.242889185774801
CHN.7.10_1,CHN,China,CHN.7_1,Guangxi,廣西壯族自治區|广西壮族自治区,Liuzhou,Liǔzhōu,柳州市,Dìjíshì,Prefecture City,NA,NA,0.499440250319155
CHN.7.11_1,CHN,China,CHN.7_1,Guangxi,廣西壯族自治區|广西壮族自治区,Nanning,Nánníng,南宁市,Dìjíshì,Prefecture City,NA,NA,0.868153526914596
CHN.7.12_1,CHN,China,CHN.7_1,Guangxi,廣西壯族自治區|广西壮族自治区,Qinzhou,Qīnzhōu,钦州市,Dìjíshì,Prefecture City,NA,NA,0.394090089027076
CHN.7.13_1,CHN,China,CHN.7_1,Guangxi,廣西壯族自治區|广西壮族自治区,Wuzhou,Wúzhōu,梧州市,Dìjíshì,Prefecture City,NA,NA,0.225764559917475
CHN.7.14_1,CHN,China,CHN.7_1,Guangxi,廣西壯族自治區|广西壮族自治区,Yulin,Yùlín,玉林市,Dìjíshì,Prefecture City,NA,NA,0.491361068251096
CHN.8.1_1,CHN,China,CHN.8_1,Guizhou,貴州|贵州,Anshun,Ānshùn,安顺市,Dìjíshì,Prefecture City,NA,NA,0.916753887540569
CHN.8.2_1,CHN,China,CHN.8_1,Guizhou,貴州|贵州,Bijie,Bìjié,毕节地区,Dìqu,Prefecture,NA,NA,0.299414284570856
CHN.8.3_1,CHN,China,CHN.8_1,Guizhou,貴州|贵州,Guiyang,Guìyáng,贵阳市,Dìjíshì,Prefecture City,NA,NA,2.09134070899733
CHN.8.4_1,CHN,China,CHN.8_1,Guizhou,貴州|贵州,Liupanshui,Liùpánshuǐ,六盘水市,Dìjíshì,Prefecture City,NA,NA,0.656476925107031
CHN.8.5_1,CHN,China,CHN.8_1,Guizhou,貴州|贵州,Qiandongnan Miao and Dong,Qiándōngnán Miáozú|Dòngzú,黔东南苗族侗族自治州,Zìzhìzhou,Autonomous Prefecture,NA,NA,0.174267984231644
CHN.8.6_1,CHN,China,CHN.8_1,Guizhou,貴州|贵州,Qiannan Buyei and Miao,Qiánnán Bùyīzú|Miáozú,黔南布依族苗族自治州,Zìzhìzhou,Autonomous Prefecture,NA,NA,0.28176425134504
CHN.8.7_1,CHN,China,CHN.8_1,Guizhou,貴州|贵州,Qianxinan Buyei and Miao,Qiánxīnán Bùyīzú|Miáozú,黔西南布依族苗族自治州,Zìzhìzhou,Autonomous Prefecture,NA,NA,0.37528986309534
CHN.8.8_1,CHN,China,CHN.8_1,Guizhou,貴州|贵州,Tongren,Tóngrén,铜仁地区,Dìqu,Prefecture,NA,NA,0.277356465301326
CHN.8.9_1,CHN,China,CHN.8_1,Guizhou,貴州|贵州,Zunyi,Zūnyì,遵义市,Dìjíshì,Prefecture City,NA,NA,0.368503964733204
CHN.9.1_1,CHN,China,CHN.9_1,Hainan,海南,Haikou,Hǎikǒu,海口市,Dìjíshì,Prefecture City,NA,NA,3.43355242331354
CHN.9.2_1,CHN,China,CHN.9_1,Hainan,海南,Hainan,Hǎinán,海南,Dìqu,Prefecture,NA,NA,0.473004334154081
CHN.9.3_1,CHN,China,CHN.9_1,Hainan,海南,Sanya,Sānyà,三亚市,Dìjíshì,Prefecture City,NA,NA,2.21167368404872
CHN.10.1_1,CHN,China,CHN.10_1,Hebei,河北,Baoding,Bǎodìng,保定市,Dìjíshì,Prefecture City,NA,NA,0.769850360100278
CHN.10.2_1,CHN,China,CHN.10_1,Hebei,河北,Cangzhou,Cāngzhōu,沧州市,Dìjíshì,Prefecture City,NA,NA,1.14266636259941
CHN.10.3_1,CHN,China,CHN.10_1,Hebei,河北,Chengde,Chéngdé,承德市,Dìjíshì,Prefecture City,NA,NA,0.207850942299025
CHN.10.4_1,CHN,China,CHN.10_1,Hebei,河北,Handan,Hándān,邯郸市,Dìjíshì,Prefecture City,NA,NA,1.03463869418189
CHN.10.5_1,CHN,China,CHN.10_1,Hebei,河北,Hengshui,Héngshuǐ,衡水市,Dìjíshì,Prefecture City,NA,NA,0.674837680187629
CHN.10.6_1,CHN,China,CHN.10_1,Hebei,河北,Langfang,Lángfáng,廊坊市,Dìjíshì,Prefecture City,NA,NA,2.42612257410079
CHN.10.7_1,CHN,China,CHN.10_1,Hebei,河北,Qinhuangdao,Qínhuángdǎo,秦皇岛市,Dìjíshì,Prefecture City,NA,NA,0.992188545551582
CHN.10.8_1,CHN,China,CHN.10_1,Hebei,河北,Shijiazhuang,Shíjiāzhuāng,石家庄市,Dìjíshì,Prefecture City,NA,NA,1.23676212848462
CHN.10.9_1,CHN,China,CHN.10_1,Hebei,河北,Tangshan,Tángshān,唐山市,Dìjíshì,Prefecture City,NA,NA,1.99820307278958
CHN.10.10_1,CHN,China,CHN.10_1,Hebei,河北,Xingtai,Xíngtái,邢台市,Dìjíshì,Prefecture City,NA,NA,0.753782298606201
CHN.10.11_1,CHN,China,CHN.10_1,Hebei,河北,Zhangjiakou,Zhāngjiākǒu,张家口市,Dìjíshì,Prefecture City,NA,NA,0.313516325968021
CHN.11.1_1,CHN,China,CHN.11_1,Heilongjiang,黑龙江省|黑龍江省,Daqing,Dàqìng,大庆市,Dìjíshì,Prefecture City,NA,NA,0.918129859450536
CHN.11.2_1,CHN,China,CHN.11_1,Heilongjiang,黑龙江省|黑龍江省,Daxing'anling,Dàxīng'ānlǐng,大兴安岭地区,Dìqu,Prefecture,NA,NA,0.181987705196431
CHN.11.3_1,CHN,China,CHN.11_1,Heilongjiang,黑龙江省|黑龍江省,Harbin,Hā'ěrbīn,哈尔滨市,Dìjíshì,Prefecture City,NA,NA,0.529133590175433
CHN.11.4_1,CHN,China,CHN.11_1,Heilongjiang,黑龙江省|黑龍江省,Hegang,Hègǎng,鹤岗市,Dìjíshì,Prefecture City,NA,NA,0.244910833085857
CHN.11.5_1,CHN,China,CHN.11_1,Heilongjiang,黑龙江省|黑龍江省,Heihe,Hēihé,黑河市,Dìjíshì,Prefecture City,NA,NA,0.181073691117726
CHN.11.6_1,CHN,China,CHN.11_1,Heilongjiang,黑龙江省|黑龍江省,Jiamusi,Jiāmùsī,佳木斯市,Dìjíshì,Prefecture City,NA,NA,0.361130733782432
CHN.11.7_1,CHN,China,CHN.11_1,Heilongjiang,黑龙江省|黑龍江省,Jixi,Jīxī,鸡西市,Dìjíshì,Prefecture City,NA,NA,0.218548448923381
CHN.11.8_1,CHN,China,CHN.11_1,Heilongjiang,黑龙江省|黑龍江省,Mudanjiang,Mǔdānjiāng,牡丹江市,Dìjíshì,Prefecture City,NA,NA,0.217450428116093
CHN.11.9_1,CHN,China,CHN.11_1,Heilongjiang,黑龙江省|黑龍江省,Qiqihar,Qíqíhā'ěr,齐齐哈尔市,Dìjíshì,Prefecture City,NA,NA,0.32874829147493
CHN.11.10_1,CHN,China,CHN.11_1,Heilongjiang,黑龙江省|黑龍江省,Qitaihe,Qītáihé,七台河市,Dìjíshì,Prefecture City,NA,NA,0.341375866492543
CHN.11.11_1,CHN,China,CHN.11_1,Heilongjiang,黑龙江省|黑龍江省,Shuangyashan,Shuāngyāshān,双鸭山市,Dìjíshì,Prefecture City,NA,NA,0.24713488563031
CHN.11.12_1,CHN,China,CHN.11_1,Heilongjiang,黑龙江省|黑龍江省,Suihua,Suíhuà,绥化市,Dìjíshì,Prefecture City,NA,NA,0.34781334594073
CHN.11.13_1,CHN,China,CHN.11_1,Heilongjiang,黑龙江省|黑龍江省,Yichun,Yīchūn,伊春市,Dìjíshì,Prefecture City,NA,NA,0.147949202771145
CHN.12.1_1,CHN,China,CHN.12_1,Henan,河南,Anyang,Ānyáng,安阳市,Dìjíshì,Prefecture City,NA,NA,1.14149761578177
CHN.12.2_1,CHN,China,CHN.12_1,Henan,河南,Hebi,Hèbì,鹤壁市,Dìjíshì,Prefecture City,NA,NA,1.23427660452034
CHN.12.3_1,CHN,China,CHN.12_1,Henan,河南,Jiaozuo,Jiāozuò,焦作市,Dìjíshì,Prefecture City,NA,NA,1.35502338330213
CHN.12.4_1,CHN,China,CHN.12_1,Henan,河南,Jiyuan shi,Jǐyuán,济源市,Dìjíshì,Prefecture City,NA,NA,0.74533403005611
CHN.12.5_1,CHN,China,CHN.12_1,Henan,河南,Kaifeng,Kāifēng,开封市,Dìjíshì,Prefecture City,NA,NA,1.05474103582413
CHN.12.6_1,CHN,China,CHN.12_1,Henan,河南,Luohe,Luòhé,漯河市,Dìjíshì,Prefecture City,NA,NA,1.52773036231096
CHN.12.7_1,CHN,China,CHN.12_1,Henan,河南,Luoyang,Luòyáng,洛阳市,Dìjíshì,Prefecture City,NA,NA,0.738362022028796
CHN.12.8_1,CHN,China,CHN.12_1,Henan,河南,Nanyang,Nányáng,南阳市,Dìjíshì,Prefecture City,NA,NA,0.3892889686271
CHN.12.9_1,CHN,China,CHN.12_1,Henan,河南,Pingdingshan,Píngdǐngshān,平顶山市,Dìjíshì,Prefecture City,NA,NA,0.922970021026155
CHN.12.10_1,CHN,China,CHN.12_1,Henan,河南,Puyang,Púyáng,濮阳市,Dìjíshì,Prefecture City,NA,NA,1.31987961165672
CHN.12.11_1,CHN,China,CHN.12_1,Henan,河南,Sanmenxia,Sānménxiá,三门峡市,Dìjíshì,Prefecture City,NA,NA,0.41191735506195
CHN.12.12_1,CHN,China,CHN.12_1,Henan,河南,Shangqiu,Shāngqiū Xiàn,商丘市,Dìqu,Prefecture,NA,NA,0.844441874472285
CHN.12.13_1,CHN,China,CHN.12_1,Henan,河南,Xinxiang,Xīnxiāng,新乡市,Dìjíshì,Prefecture City,NA,NA,1.10755765396066
CHN.12.14_1,CHN,China,CHN.12_1,Henan,河南,Xinyang,Xìnyáng,信阳市,Dìjíshì,Prefecture City,NA,NA,0.306055137724461
CHN.12.15_1,CHN,China,CHN.12_1,Henan,河南,Xuchang,Xǔchāng,许昌市,Dìjíshì,Prefecture City,NA,NA,1.13809523757417
CHN.12.16_1,CHN,China,CHN.12_1,Henan,河南,Zhengzhou,Zhèngzhōu,郑州市,Dìjíshì,Prefecture City,NA,NA,4.18208957713497
CHN.12.17_1,CHN,China,CHN.12_1,Henan,河南,Zhoukou,Zhōukǒu,周口市,Dìjíshì,Prefecture City,NA,NA,0.618806729217739
CHN.12.18_1,CHN,China,CHN.12_1,Henan,河南,Zhumadian,Zhùmǎdiàn,驻马店市,Dìjíshì,Prefecture City,NA,NA,0.561045817393763
HKG.1_1,CHN,China,CHN.HKG,Hong Kong,NA,Central and Western,NA,NA,District,District,NA,HK.CW,35.154427722349
HKG.2_1,CHN,China,CHN.HKG,Hong Kong,NA,Eastern,NA,NA,District,District,NA,HK.EA,28.1003829484345
HKG.3_1,CHN,China,CHN.HKG,Hong Kong,NA,Islands,NA,NA,District,District,NA,HK.IS,5.15969774969585
HKG.4_1,CHN,China,CHN.HKG,Hong Kong,NA,Kowloon City,NA,NA,District,District,NA,HK.KC,72.4590688493517
HKG.5_1,CHN,China,CHN.HKG,Hong Kong,NA,Kwai Tsing,NA,NA,District,District,NA,HK.KI,51.8625577099352
HKG.6_1,CHN,China,CHN.HKG,Hong Kong,NA,Kwun Tong,NA,NA,District,District,NA,HK.KU,60.6648450968217
HKG.7_1,CHN,China,CHN.HKG,Hong Kong,NA,North,<Null>,NA,District,District,NA,HK.NO,10.6460030660889
HKG.8_1,CHN,China,CHN.HKG,Hong Kong,NA,Sai Kung,<Null>,NA,District,District,NA,HK.SK,6.42089859636238
HKG.9_1,CHN,China,CHN.HKG,Hong Kong,NA,Sha Tin,NA,NA,District,District,NA,HK.ST,19.1110698586347
HKG.10_1,CHN,China,CHN.HKG,Hong Kong,NA,Sham Shui Po,NA,NA,District,District,NA,HK.SS,67.9952166421073
HKG.11_1,CHN,China,CHN.HKG,Hong Kong,NA,Southern,NA,NA,District,District,NA,HK.SO,12.1692847349367
HKG.12_1,CHN,China,CHN.HKG,Hong Kong,NA,Tai Po,NA,NA,District,District,NA,HK.TP,5.97075194887226
HKG.13_1,CHN,China,CHN.HKG,Hong Kong,NA,Tsuen Wan,NA,NA,District,District,NA,HK.TW,10.7804213139791
HKG.14_1,CHN,China,CHN.HKG,Hong Kong,NA,Tuen Mun,NA,NA,District,District,NA,HK.TM,14.7423795237014
HKG.15_1,CHN,China,CHN.HKG,Hong Kong,NA,Wan Chai,NA,NA,District,District,NA,HK.WC,39.9265886942546
HKG.16_1,CHN,China,CHN.HKG,Hong Kong,NA,Wong Tai Sin,NA,NA,District,District,NA,HK.WT,37.377708629686
HKG.17_1,CHN,China,CHN.HKG,Hong Kong,NA,Yau Tsim Mong,NA,NA,District,District,NA,HK.YT,90.8337200164795
HKG.18_1,CHN,China,CHN.HKG,Hong Kong,NA,Yuen Long,NA,NA,District,District,NA,HK.YL,20.0258546613512
CHN.13.1_1,CHN,China,CHN.13_1,Hubei,湖北,Enshi Tujia and Miao,Ēnshī Tǔjiāzú|Miáozú,恩施土家族苗族自治州,Zìzhìzhou,Autonomous Prefecture,NA,NA,0.136519306411281
CHN.13.2_1,CHN,China,CHN.13_1,Hubei,湖北,Ezhou,Èzhōu,鄂州市,Dìjíshì,Prefecture City,NA,NA,1.86670349429419
CHN.13.3_1,CHN,China,CHN.13_1,Hubei,湖北,Huanggang,Huánggāng,黄冈市,Dìjíshì,Prefecture City,NA,NA,0.248706435315797
CHN.13.4_1,CHN,China,CHN.13_1,Hubei,湖北,Huangshi,Huángshí,黄石市,Dìjíshì,Prefecture City,NA,NA,0.848869029013912
CHN.13.5_1,CHN,China,CHN.13_1,Hubei,湖北,Jingmen,Jīngmén,荆门市,Dìjíshì,Prefecture City,NA,NA,0.258375441741109
CHN.13.6_1,CHN,China,CHN.13_1,Hubei,湖北,Jingzhou,Jīngzhōu,荆州市,Dìjíshì,Prefecture City,NA,NA,0.377116891367321
CHN.13.7_1,CHN,China,CHN.13_1,Hubei,湖北,Qianjiang,Qiánjiāng,潜江市,Dìjíshì,Prefecture City,NA,NA,0.58594750227036
CHN.13.8_1,CHN,China,CHN.13_1,Hubei,湖北,Shennongjia,Shénnóngjià Línqū,神农架林区,Dìqu,Prefecture,NA,NA,0.0315529857622169
CHN.13.9_1,CHN,China,CHN.13_1,Hubei,湖北,Shiyan,Shíyàn,十堰市,Dìjíshì,Prefecture City,NA,NA,0.157110040860193
CHN.13.10_1,CHN,China,CHN.13_1,Hubei,湖北,Suizhou Shi,Suízhōu,随州市,Dìjíshì,Prefecture City,NA,NA,0.244809081802344
CHN.13.11_1,CHN,China,CHN.13_1,Hubei,湖北,Tianmen,Tiānmén,天门市,Dìjíshì,Prefecture City,NA,NA,0.414736767203161
CHN.13.12_1,CHN,China,CHN.13_1,Hubei,湖北,Wuhan,Wǔhàn,武汉市,Dìjíshì,Prefecture City,NA,NA,3.90711725181096
CHN.13.13_1,CHN,China,CHN.13_1,Hubei,湖北,Xiangfan,Xiāngfán,襄樊市,Dìjíshì,Prefecture City,NA,NA,0.318865450071859
CHN.13.14_1,CHN,China,CHN.13_1,Hubei,湖北,Xianning,Xiánníng,咸宁市,Dìjíshì,Prefecture City,NA,NA,0.338539125044602
CHN.13.15_1,CHN,China,CHN.13_1,Hubei,湖北,Xiantao,Xiāntáo,仙桃市,Dìjíshì,Prefecture City,NA,NA,0.380263929241865
CHN.13.16_1,CHN,China,CHN.13_1,Hubei,湖北,Xiaogan,Xiàogǎn,孝感市,Dìjíshì,Prefecture City,NA,NA,0.53191386231481
CHN.13.17_1,CHN,China,CHN.13_1,Hubei,湖北,Yichang,Yíchāng,宜昌市,Dìjíshì,Prefecture City,NA,NA,0.309808400162155
CHN.14.1_1,CHN,China,CHN.14_1,Hunan,湖南,Changde,Chángdé,常德市|常德市,Dìjíshì,Prefecture City,NA,NA,0.339209735154695
CHN.14.2_1,CHN,China,CHN.14_1,Hunan,湖南,Changsha,Chángshā,长沙市|長沙市,Dìjíshì,Prefecture City,NA,NA,1.91871123900441
CHN.14.3_1,CHN,China,CHN.14_1,Hunan,湖南,Chenzhou,Chēnzhōu,郴州市|郴州市,Dìjíshì,Prefecture City,NA,NA,0.278786279792244
CHN.14.4_1,CHN,China,CHN.14_1,Hunan,湖南,Hengyang,Héngyáng,衡阳市|衡陽市,Dìjíshì,Prefecture City,NA,NA,0.336994082770207
CHN.14.5_1,CHN,China,CHN.14_1,Hunan,湖南,Huaihua,Huáihuà,怀化市|懷化市,Dìjíshì,Prefecture City,NA,NA,0.163227773094483
CHN.14.6_1,CHN,China,CHN.14_1,Hunan,湖南,Loudi,Lóudǐ,娄底市|婁底市,Dìjíshì,Prefecture City,NA,NA,0.418257968959031
CHN.14.7_1,CHN,China,CHN.14_1,Hunan,湖南,Shaoyang,Shàoyáng,邵阳市|邵陽市,Dìjíshì,Prefecture City,NA,NA,0.20654102778537
CHN.14.8_1,CHN,China,CHN.14_1,Hunan,湖南,Xiangtan,Xiāngtán,湘潭市|湘潭市,Dìjíshì,Prefecture City,NA,NA,1.00654877433393
CHN.14.9_1,CHN,China,CHN.14_1,Hunan,湖南,Xiangxi Tujia and Miao,Xiāngxī Tǔjiāzú|Miáozú,湘西土家族苗族自治州|湘西土家族苗族自治州,Zìzhìzhou,Autonomous Prefecture,NA,NA,0.156256365182442
CHN.14.10_1,CHN,China,CHN.14_1,Hunan,湖南,Yiyang,Yìyáng,益阳市|益陽市,Dìjíshì,Prefecture City,NA,NA,0.242930090785322
CHN.14.11_1,CHN,China,CHN.14_1,Hunan,湖南,Yongzhou,Yǒngzhōu,永州市|永州市,Dìjíshì,Prefecture City,NA,NA,0.188047223382083
CHN.14.12_1,CHN,China,CHN.14_1,Hunan,湖南,Yueyang,Yuèyáng,岳阳市|岳陽市,Dìjíshì,Prefecture City,NA,NA,0.450509083736247
CHN.14.13_1,CHN,China,CHN.14_1,Hunan,湖南,Zhangjiajie,Zhāngjiājiè,张家界市|張家界市,Dìjíshì,Prefecture City,NA,NA,0.168074603616941
CHN.14.14_1,CHN,China,CHN.14_1,Hunan,湖南,Zhuzhou,Zhūzhōu,株洲市|株洲市,Dìjíshì,Prefecture City,NA,NA,0.480667403618115
CHN.15.1_1,CHN,China,CHN.15_1,Jiangsu,江蘇|江苏,Changzhou,Chángzhōu,常州市,Dìjíshì,Prefecture City,NA,NA,4.75434034611499
CHN.15.2_1,CHN,China,CHN.15_1,Jiangsu,江蘇|江苏,Huai'an,Huái'ān,淮安市,Dìjíshì,Prefecture City,NA,NA,1.14385284239391
CHN.15.3_1,CHN,China,CHN.15_1,Jiangsu,江蘇|江苏,Lianyungang,Liányúngǎng,连云港市,Dìjíshì,Prefecture City,NA,NA,1.51518946380537
CHN.15.4_1,CHN,China,CHN.15_1,Jiangsu,江蘇|江苏,Nanjing,Nánjīng,南京市,Dìjíshì,Prefecture City,NA,NA,4.99112977998855
CHN.15.5_1,CHN,China,CHN.15_1,Jiangsu,江蘇|江苏,Nantong,Nántōng,南通市,Dìjíshì,Prefecture City,NA,NA,2.93566527484806
CHN.15.6_1,CHN,China,CHN.15_1,Jiangsu,江蘇|江苏,Suqian,Sùqiān,宿迁市,Dìjíshì,Prefecture City,NA,NA,1.15796837124913
CHN.15.7_1,CHN,China,CHN.15_1,Jiangsu,江蘇|江苏,Suzhou,Sūzhōu,苏州市,Dìjíshì,Prefecture City,NA,NA,9.2007311915682
CHN.15.8_1,CHN,China,CHN.15_1,Jiangsu,江蘇|江苏,Taizhou,Tàizhōu,泰州市,Dìjíshì,Prefecture City,NA,NA,2.57448654629737
CHN.15.9_1,CHN,China,CHN.15_1,Jiangsu,江蘇|江苏,Wuxi,Wúxī,无锡市,Dìjíshì,Prefecture City,NA,NA,6.81260931011345
CHN.15.10_1,CHN,China,CHN.15_1,Jiangsu,江蘇|江苏,Xuzhou,Xúzhōu,徐州市,Dìjíshì,Prefecture City,NA,NA,1.64562327748518
CHN.15.11_1,CHN,China,CHN.15_1,Jiangsu,江蘇|江苏,Yancheng,Yánchéng,盐城市,Dìjíshì,Prefecture City,NA,NA,1.25873031182909
CHN.15.12_1,CHN,China,CHN.15_1,Jiangsu,江蘇|江苏,Yangzhou,Yángzhōu,扬州市,Dìjíshì,Prefecture City,NA,NA,2.24953119433911
CHN.15.13_1,CHN,China,CHN.15_1,Jiangsu,江蘇|江苏,Zhenjiang,Zhènjiāng,镇江市,Dìjíshì,Prefecture City,NA,NA,3.7812973172591
CHN.16.1_1,CHN,China,CHN.16_1,Jiangxi,江西,Fuzhou,Fǔzhōu,抚州市,Dìjíshì,Prefecture City,NA,NA,0.194605263844196
CHN.16.2_1,CHN,China,CHN.16_1,Jiangxi,江西,Ganzhou,Gànzhōu,赣州市,Dìjíshì,Prefecture City,NA,NA,0.212323497689351
CHN.16.3_1,CHN,China,CHN.16_1,Jiangxi,江西,Ji'an,Jí'ān,吉安市,Dìjíshì,Prefecture City,NA,NA,0.175585753098992
CHN.16.4_1,CHN,China,CHN.16_1,Jiangxi,江西,Jingdezhen,Jǐngdézhèn,景德镇市,Dìjíshì,Prefecture City,NA,NA,0.408224030953193
CHN.16.5_1,CHN,China,CHN.16_1,Jiangxi,江西,Jiujiang,Jiǔjiāng,九江市,Dìjíshì,Prefecture City,NA,NA,0.352923412290695
CHN.16.6_1,CHN,China,CHN.16_1,Jiangxi,江西,Nanchang,Nánchāng,南昌市,Dìjíshì,Prefecture City,NA,NA,1.51112252965166
CHN.16.7_1,CHN,China,CHN.16_1,Jiangxi,江西,Pingxiang,Píngxiāng,萍乡市,Dìjíshì,Prefecture City,NA,NA,0.308243843134021
CHN.16.8_1,CHN,China,CHN.16_1,Jiangxi,江西,Shangrao,Shàngráo,上饶市,Dìjíshì,Prefecture City,NA,NA,0.238350985959365
CHN.16.9_1,CHN,China,CHN.16_1,Jiangxi,江西,Xinyu,Xīnyú,新余市,Dìjíshì,Prefecture City,NA,NA,0.537729788166638
CHN.16.10_1,CHN,China,CHN.16_1,Jiangxi,江西,Yichun,Yíchūn,宜春市,Dìjíshì,Prefecture City,NA,NA,0.283982049041086
CHN.16.11_1,CHN,China,CHN.16_1,Jiangxi,江西,Yingtan,Yīngtán,鹰潭市,Dìjíshì,Prefecture City,NA,NA,0.417241001764303
CHN.17.1_1,CHN,China,CHN.17_1,Jilin,吉林,Baicheng,Báichéng,白城市,Dìjíshì,Prefecture City,NA,NA,0.220129453145101
CHN.17.2_1,CHN,China,CHN.17_1,Jilin,吉林,Baishan,Báishān,白山市,Dìjíshì,Prefecture City,NA,NA,0.145765169847662
CHN.17.3_1,CHN,China,CHN.17_1,Jilin,吉林,Changchun,Chángchūn,长春市,Dìjíshì,Prefecture City,NA,NA,1.34670090796686
CHN.17.4_1,CHN,China,CHN.17_1,Jilin,吉林,Jilin,Jílín,吉林市,Dìjíshì,Prefecture City,NA,NA,0.386116749458494
CHN.17.5_1,CHN,China,CHN.17_1,Jilin,吉林,Liaoyuan,Liáoyuán,辽源市,Dìjíshì,Prefecture City,NA,NA,0.496360041101619
CHN.17.6_1,CHN,China,CHN.17_1,Jilin,吉林,Siping,Sìpíng,四平市,Dìjíshì,Prefecture City,NA,NA,0.460742922917668
CHN.17.7_1,CHN,China,CHN.17_1,Jilin,吉林,Songyuan,Sōngyuán,松原市,Dìjíshì,Prefecture City,NA,NA,0.308265715395742
CHN.17.8_1,CHN,China,CHN.17_1,Jilin,吉林,Tonghua,Tōnghuà,通化市,Dìjíshì,Prefecture City,NA,NA,0.198750916635258
CHN.17.9_1,CHN,China,CHN.17_1,Jilin,吉林,Yanbian Korean,Yánbiān Cháoxiǎnzú,延边朝鲜族自治州,Zìzhìzhou,Autonomous Prefecture,NA,NA,0.198405601150931
CHN.18.1_1,CHN,China,CHN.18_1,Liaoning,遼寧|辽宁,Anshan,Ānshān,鞍山市,Dìjíshì,Prefecture City,NA,NA,0.978912599384373
CHN.18.2_1,CHN,China,CHN.18_1,Liaoning,遼寧|辽宁,Benxi,Běnxī,本溪市,Dìjíshì,Prefecture City,NA,NA,0.576662597910444
CHN.18.3_1,CHN,China,CHN.18_1,Liaoning,遼寧|辽宁,Chaoyang,Cháoyáng,朝阳市,Dìjíshì,Prefecture City,NA,NA,0.303984134685663
CHN.18.4_1,CHN,China,CHN.18_1,Liaoning,遼寧|辽宁,Dalian,Dàlián,大连市,Dìjíshì,Prefecture City,NA,NA,1.63146728446296
CHN.18.5_1,CHN,China,CHN.18_1,Liaoning,遼寧|辽宁,Dandong,Dāndōng,丹东市,Dìjíshì,Prefecture City,NA,NA,0.295897634900944
CHN.18.6_1,CHN,China,CHN.18_1,Liaoning,遼寧|辽宁,Fushun,Fǔshùn,抚顺市,Dìjíshì,Prefecture City,NA,NA,0.604456076333145
CHN.18.7_1,CHN,China,CHN.18_1,Liaoning,遼寧|辽宁,Fuxin,Fùxīn,阜新市,Dìjíshì,Prefecture City,NA,NA,0.315499492958915
CHN.18.8_1,CHN,China,CHN.18_1,Liaoning,遼寧|辽宁,Huludao,Húludǎo,葫芦岛市,Dìjíshì,Prefecture City,NA,NA,0.526936462155313
CHN.18.9_1,CHN,China,CHN.18_1,Liaoning,遼寧|辽宁,Jinzhou,Jǐnzhōu,锦州市,Dìjíshì,Prefecture City,NA,NA,0.597596270433349
CHN.18.10_1,CHN,China,CHN.18_1,Liaoning,遼寧|辽宁,Liaoyang,Liáoyáng,辽阳市,Dìjíshì,Prefecture City,NA,NA,1.55315603202127
CHN.18.11_1,CHN,China,CHN.18_1,Liaoning,遼寧|辽宁,Panjin,Pánjǐn,盘锦市,Dìjíshì,Prefecture City,NA,NA,2.39258234159226
CHN.18.12_1,CHN,China,CHN.18_1,Liaoning,遼寧|辽宁,Shenyang,Shěnyáng,沈阳市,Dìjíshì,Prefecture City,NA,NA,2.39122053845566
CHN.18.13_1,CHN,China,CHN.18_1,Liaoning,遼寧|辽宁,Tieling,Tiělǐng,铁岭市,Dìjíshì,Prefecture City,NA,NA,0.656707840087206
MAC.1_1,CHN,China,CHN.MAC,Macau,NA,Ilhas,NA,NA,Concelho|Distrito,District,NA,MO.IL,52.0477239108477
MAC.2_1,CHN,China,CHN.MAC,Macau,NA,Macau,NA,NA,Concelho|Distrito,District,NA,MO.MA,121.501021410968
CHN.19.1_1,CHN,China,CHN.19_1,Nei Mongol,內蒙古自治區|内蒙古自治区,Alxa,Ālāshàn,阿拉善盟,Méng,League,NA,NA,0.0635559946584923
CHN.19.2_1,CHN,China,CHN.19_1,Nei Mongol,內蒙古自治區|内蒙古自治区,Baotou,Bāotóu,包头市,Dìjíshì,Prefecture City,NA,NA,0.546588034929275
CHN.19.3_1,CHN,China,CHN.19_1,Nei Mongol,內蒙古自治區|内蒙古自治区,Baynnur,Bāyànnào'ěr,巴彦淖尔市,Dìjíshì,Prefecture City,NA,NA,0.116658942301765
CHN.19.4_1,CHN,China,CHN.19_1,Nei Mongol,內蒙古自治區|内蒙古自治区,Chifeng,Chìfēng,赤峰市,Dìjíshì,Prefecture City,NA,NA,0.160575375450532
CHN.19.5_1,CHN,China,CHN.19_1,Nei Mongol,內蒙古自治區|内蒙古自治区,Hohhot,Hūhéhàotè,呼和浩特市,Dìjíshì,Prefecture City,NA,NA,0.939186750590977
CHN.19.6_1,CHN,China,CHN.19_1,Nei Mongol,內蒙古自治區|内蒙古自治区,Hulunbuir,Hūlúnbèi'ěr,呼伦贝尔市,Dìjíshì,Prefecture City,NA,NA,0.162935511516019
CHN.19.7_1,CHN,China,CHN.19_1,Nei Mongol,內蒙古自治區|内蒙古自治区,Ordos,È'ěrduōsī,鄂尔多斯市,Dìjíshì,Prefecture City,NA,NA,0.279487173390068
CHN.19.8_1,CHN,China,CHN.19_1,Nei Mongol,內蒙古自治區|内蒙古自治区,Tongliao,Tōngliáo,通辽市,Dìjíshì,Prefecture City,NA,NA,0.161601558789213
CHN.19.9_1,CHN,China,CHN.19_1,Nei Mongol,內蒙古自治區|内蒙古自治区,Ulaan Chab,Wūlánchábù,乌兰察布市,Dìjíshì,Prefecture City,NA,NA,0.153352389245641
CHN.19.10_1,CHN,China,CHN.19_1,Nei Mongol,內蒙古自治區|内蒙古自治区,Wuhai,Wūhǎi,乌海市,Dìjíshì,Prefecture City,NA,NA,2.039333206505
CHN.19.11_1,CHN,China,CHN.19_1,Nei Mongol,內蒙古自治區|内蒙古自治区,Xilin Gol,Xīlínguōlè,锡林郭勒盟,Méng,League,NA,NA,0.111774422535353
CHN.19.12_1,CHN,China,CHN.19_1,Nei Mongol,內蒙古自治區|内蒙古自治区,Xing'an,Xīng'ān,兴安盟,Méng,League,NA,NA,0.147933646356794
CHN.20.1_1,CHN,China,CHN.20_1,Ningxia Hui,寧夏回族自治區|宁夏回族自治区,Guyuan,Gùyuán,固原市,Dìjíshì,Prefecture City,NA,NA,0.271697104961206
CHN.20.2_1,CHN,China,CHN.20_1,Ningxia Hui,寧夏回族自治區|宁夏回族自治区,Shizuishan,Shízuǐshān,石嘴山市,Dìjíshì,Prefecture City,NA,NA,0.950286345709353
CHN.20.3_1,CHN,China,CHN.20_1,Ningxia Hui,寧夏回族自治區|宁夏回族自治区,Wuzhong,Wúzhōng,吴忠市,Dìjíshì,Prefecture City,NA,NA,0.379734198868656
CHN.20.4_1,CHN,China,CHN.20_1,Ningxia Hui,寧夏回族自治區|宁夏回族自治区,Yinchuan,Yínchuān,银川市,Dìjíshì,Prefecture City,NA,NA,2.52014594102677
CHN.20.5_1,CHN,China,CHN.20_1,Ningxia Hui,寧夏回族自治區|宁夏回族自治区,Zhongwei,Zhōngwèi,中卫市,Dìjíshì,Prefecture City,NA,NA,0.321579512799651
CHN.21.1_1,CHN,China,CHN.21_1,Qinghai,青海,Golog Tibetan,Guǒluò Zàngzú,果洛藏族自治州,Zìzhìzhou,Autonomous Prefecture,NA,NA,0.0642474026678857
CHN.21.2_1,CHN,China,CHN.21_1,Qinghai,青海,Gyêgu Tibetan,Yùshù Zàngzú,玉树藏族自治州,Zìzhìzhou,Autonomous Prefecture,NA,NA,0.0714285189849424
CHN.21.3_1,CHN,China,CHN.21_1,Qinghai,青海,Haibei Tibetan,Hǎiběi Zàngzú,海北藏族自治州,Zìzhìzhou,Autonomous Prefecture,NA,NA,0.0828819158742134
CHN.21.4_1,CHN,China,CHN.21_1,Qinghai,青海,Haidong,Hǎidōng,海东地区,Dìqu,Prefecture,NA,NA,0.302435672451667
CHN.21.5_1,CHN,China,CHN.21_1,Qinghai,青海,Hainan Tibetan,Hǎinán Zàngzú,海南藏族自治州,Zìzhìzhou,Autonomous Prefecture,NA,NA,0.0784467338472319
CHN.21.6_1,CHN,China,CHN.21_1,Qinghai,青海,Haixi Mongol and Tibetan,Hǎixī Měnggǔzú Zàngzú,海西蒙古族藏族自治州,Zìzhìzhou,Autonomous Prefecture,NA,NA,0.0995045027308164
CHN.21.7_1,CHN,China,CHN.21_1,Qinghai,青海,Huangnan Tibetan,Huángnán Zàngzú,黄南藏族自治州,Zìzhìzhou,Autonomous Prefecture,NA,NA,0.0797112295312402
CHN.21.8_1,CHN,China,CHN.21_1,Qinghai,青海,Xining,Xīníng,西宁市,Dìjíshì,Prefecture City,NA,NA,1.04384347337901
CHN.22.1_1,CHN,China,CHN.22_1,Shaanxi,陝西|陕西,Ankang,Ānkāng,安康市,Dìjíshì,Prefecture City,NA,NA,0.139844613374575
CHN.22.2_1,CHN,China,CHN.22_1,Shaanxi,陝西|陕西,Baoji,Bǎojī,宝鸡市,Dìjíshì,Prefecture City,NA,NA,0.338367088152725
CHN.22.3_1,CHN,China,CHN.22_1,Shaanxi,陝西|陕西,Hanzhong,Hànzhōng,汉中市,Dìjíshì,Prefecture City,NA,NA,0.234278834427878
CHN.22.4_1,CHN,China,CHN.22_1,Shaanxi,陝西|陕西,Shangluo,Shāngluò,商洛市,Dìjíshì,Prefecture City,NA,NA,0.116222825183667
CHN.22.5_1,CHN,China,CHN.22_1,Shaanxi,陝西|陕西,Tongchuan,Tóngchuān,铜川市,Dìjíshì,Prefecture City,NA,NA,0.293586165487441
CHN.22.6_1,CHN,China,CHN.22_1,Shaanxi,陝西|陕西,Weinan,Wèinán,渭南市,Dìjíshì,Prefecture City,NA,NA,0.642741833362166
CHN.22.7_1,CHN,China,CHN.22_1,Shaanxi,陝西|陕西,Xi'an,Xī'ān,西安市,Dìjíshì,Prefecture City,NA,NA,3.0970192258906
CHN.22.8_1,CHN,China,CHN.22_1,Shaanxi,陝西|陕西,Xianyang,Xiányáng,咸阳市,Dìjíshì,Prefecture City,NA,NA,0.997063908114818
CHN.22.9_1,CHN,China,CHN.22_1,Shaanxi,陝西|陕西,Yan'an,Yán'ān,延安市,Dìjíshì,Prefecture City,NA,NA,0.49853218459577
CHN.22.10_1,CHN,China,CHN.22_1,Shaanxi,陝西|陕西,Yulin,Yúlín,榆林市,Dìjíshì,Prefecture City,NA,NA,0.67426778123902
CHN.23.1_1,CHN,China,CHN.23_1,Shandong,山東|山东,Binzhou,Bīnzhōu,滨州,Dìqu,Prefecture,NA,NA,1.21322573790969
CHN.23.2_1,CHN,China,CHN.23_1,Shandong,山東|山东,Dezhou,Dézhōu,德州市,Dìjíshì,Prefecture City,NA,NA,0.756860410449856
CHN.23.3_1,CHN,China,CHN.23_1,Shandong,山東|山东,Dongying,Dōngyíng,东营市,Dìjíshì,Prefecture City,NA,NA,1.91188305228825
CHN.23.4_1,CHN,China,CHN.23_1,Shandong,山東|山东,Heze,Hézé,菏泽市,Dìjíshì,Prefecture City,NA,NA,0.891313307242003
CHN.23.5_1,CHN,China,CHN.23_1,Shandong,山東|山东,Jinan,Jǐnán,济南市,Dìjíshì,Prefecture City,NA,NA,2.16474566701145
CHN.23.6_1,CHN,China,CHN.23_1,Shandong,山東|山东,Jining,Jǐníng,济宁市,Dìjíshì,Prefecture City,NA,NA,1.17812872779286
CHN.23.7_1,CHN,China,CHN.23_1,Shandong,山東|山东,Laiwu,Láiwú,莱芜市,Dìjíshì,Prefecture City,NA,NA,1.12875454553619
CHN.23.8_1,CHN,China,CHN.23_1,Shandong,山東|山东,Liaocheng,Liáochéng,聊城市,Dìjíshì,Prefecture City,NA,NA,1.06656736094116
CHN.23.9_1,CHN,China,CHN.23_1,Shandong,山東|山东,Linyi,Línyí,临沂市,Dìjíshì,Prefecture City,NA,NA,1.08956114191086
CHN.23.10_1,CHN,China,CHN.23_1,Shandong,山東|山东,Qingdao,Qīngdǎo,青岛市,Dìjíshì,Prefecture City,NA,NA,2.64352115663786
CHN.23.11_1,CHN,China,CHN.23_1,Shandong,山東|山东,Rizhao,Rìzhào,日照市,Dìjíshì,Prefecture City,NA,NA,1.17695861367234
CHN.23.12_1,CHN,China,CHN.23_1,Shandong,山東|山东,Tai'an,Tài'ān,泰安市,Dìjíshì,Prefecture City,NA,NA,0.946998694845951
CHN.23.13_1,CHN,China,CHN.23_1,Shandong,山東|山东,Weifang,Wéifāng,潍坊市,Dìjíshì,Prefecture City,NA,NA,1.33825381832328
CHN.23.14_1,CHN,China,CHN.23_1,Shandong,山東|山东,Weihai,Wēihǎi,威海市,Dìjíshì,Prefecture City,NA,NA,1.4947315532923
CHN.23.15_1,CHN,China,CHN.23_1,Shandong,山東|山东,Yantai,Yāntái,烟台市,Dìjíshì,Prefecture City,NA,NA,1.39566713221976
CHN.23.16_1,CHN,China,CHN.23_1,Shandong,山東|山东,Zaozhuang,Zǎozhuāng,枣庄市,Dìjíshì,Prefecture City,NA,NA,1.21784545527657
CHN.23.17_1,CHN,China,CHN.23_1,Shandong,山東|山东,Zibo,Zībó,淄博市,Dìjíshì,Prefecture City,NA,NA,1.91156579848757
CHN.24.1_1,CHN,China,CHN.24_1,Shanghai,上海|上海,Shanghai,Shànghǎi,上海|上海,Zhíxiáshì,Municipality,NA,NA,14.6536812927859
CHN.25.1_1,CHN,China,CHN.25_1,Shanxi,山西,Changzhi,Chángzhì,长治市,Dìjíshì,Prefecture City,NA,NA,0.624448884145294
CHN.25.2_1,CHN,China,CHN.25_1,Shanxi,山西,Datong,Dàtóng,大同市,Dìjíshì,Prefecture City,NA,NA,0.807418729961964
CHN.25.3_1,CHN,China,CHN.25_1,Shanxi,山西,Jincheng,Jìnchéng,晋城市,Dìjíshì,Prefecture City,NA,NA,0.539762470610854
CHN.25.4_1,CHN,China,CHN.25_1,Shanxi,山西,Jinzhong,Jìnzhōng,晋中市,Dìjíshì,Prefecture City,NA,NA,0.602370210228313
CHN.25.5_1,CHN,China,CHN.25_1,Shanxi,山西,Linfen,Línfén,临汾市,Dìjíshì,Prefecture City,NA,NA,0.394895546599991
CHN.25.6_1,CHN,China,CHN.25_1,Shanxi,山西,Luliang,Lǚlíang,吕梁市,Dìjíshì,Prefecture City,NA,NA,0.457900953162612
CHN.25.7_1,CHN,China,CHN.25_1,Shanxi,山西,Shuozhou,Shuòzhōu,朔州市,Dìjíshì,Prefecture City,NA,NA,0.753524456110261
CHN.25.8_1,CHN,China,CHN.25_1,Shanxi,山西,Taiyuan,Tàiyuán,太原市,Dìjíshì,Prefecture City,NA,NA,2.43465403230804
CHN.25.9_1,CHN,China,CHN.25_1,Shanxi,山西,Xinzhou,Xīnzhōu,忻州市,Dìjíshì,Prefecture City,NA,NA,0.388486908401952
CHN.25.10_1,CHN,China,CHN.25_1,Shanxi,山西,Yangquan,Yángquán,阳泉市,Dìjíshì,Prefecture City,NA,NA,0.613076273096866
CHN.25.11_1,CHN,China,CHN.25_1,Shanxi,山西,Yuncheng,Yùnchéng,运城县,Dìjíshì,Prefecture City,NA,NA,0.480434054773598
CHN.26.1_1,CHN,China,CHN.26_1,Sichuan,四川,Bazhong,Bāzhōng,巴中市,Dìjíshì,Prefecture City,NA,NA,0.192516323099394
CHN.26.2_1,CHN,China,CHN.26_1,Sichuan,四川,Chengdu,Chéngdū,成都市,Dìjíshì,Prefecture City,NA,NA,4.67475759789772
CHN.26.3_1,CHN,China,CHN.26_1,Sichuan,四川,Dazhou,Dázhōu,达州市,Dìjíshì,Prefecture City,NA,NA,0.298332387769413
CHN.26.4_1,CHN,China,CHN.26_1,Sichuan,四川,Deyang,Déyáng,德阳市,Dìjíshì,Prefecture City,NA,NA,1.19815003248627
CHN.26.5_1,CHN,China,CHN.26_1,Sichuan,四川,Garzê Tibetan,Gānzī Zàngzú,甘孜藏族自治州,Zìzhìzhou,Autonomous Prefecture,NA,NA,0.0455433167933301
CHN.26.6_1,CHN,China,CHN.26_1,Sichuan,四川,Guang'an,Guǎng'ān,广安市,Dìjíshì,Prefecture City,NA,NA,0.612820930672773
CHN.26.7_1,CHN,China,CHN.26_1,Sichuan,四川,Guangyuan,Guǎngyuán,广元市,Dìjíshì,Prefecture City,NA,NA,0.235476747139474
CHN.26.8_1,CHN,China,CHN.26_1,Sichuan,四川,Leshan,Lèshān,乐山市,Dìjíshì,Prefecture City,NA,NA,0.436600348391323
CHN.26.9_1,CHN,China,CHN.26_1,Sichuan,四川,Liangshan Yi,Liángshān Yízú,凉山彝族自治州,Zìzhìzhou,Autonomous Prefecture,NA,NA,0.0929995447738223
CHN.26.10_1,CHN,China,CHN.26_1,Sichuan,四川,Luzhou,Lúzhōu,泸州市,Dìjíshì,Prefecture City,NA,NA,0.373564058320505
CHN.26.11_1,CHN,China,CHN.26_1,Sichuan,四川,Meishan,Méishān,眉山市,Dìjíshì,Prefecture City,NA,NA,0.623065182928728
CHN.26.12_1,CHN,China,CHN.26_1,Sichuan,四川,Mianyang,Míanyáng,绵阳市,Dìjíshì,Prefecture City,NA,NA,0.416439498497255
CHN.26.13_1,CHN,China,CHN.26_1,Sichuan,四川,Nanchong,Nánchōng,南充市,Dìjíshì,Prefecture City,NA,NA,0.576583853039085
CHN.26.15_1,CHN,China,CHN.26_1,Sichuan,四川,Neijiang,Nèijiāng,内江市,Dìjíshì,Prefecture City,NA,NA,0.940600407757768
CHN.26.14_1,CHN,China,CHN.26_1,Sichuan,四川,Neijiang]],Nèijiāng,内江市,Dìjíshì,Prefecture City,NA,NA,0.578950852259555
CHN.26.16_1,CHN,China,CHN.26_1,Sichuan,四川,Ngawa Tibetan and Qiang,Ābà Zàngzú|Qiāngzú,阿坝藏族羌族自治州,Zìzhìzhou,Autonomous Prefecture,NA,NA,0.0876774341485719
CHN.26.17_1,CHN,China,CHN.26_1,Sichuan,四川,Panzhihua,Pānzhīhuā,攀枝花市,Dìjíshì,Prefecture City,NA,NA,0.384589772147411
CHN.26.18_1,CHN,China,CHN.26_1,Sichuan,四川,Suining,Sùiníng,遂宁市,Dìjíshì,Prefecture City,NA,NA,0.761583434262816
CHN.26.19_1,CHN,China,CHN.26_1,Sichuan,四川,Ya'an,Yǎ'ān,雅安市,Dìjíshì,Prefecture City,NA,NA,0.19227080911908
CHN.26.20_1,CHN,China,CHN.26_1,Sichuan,四川,Yibin,Yíbīn,宜宾市,Dìjíshì,Prefecture City,NA,NA,0.397362293393915
CHN.26.21_1,CHN,China,CHN.26_1,Sichuan,四川,Zigong,Zìgòng,自贡市,Dìjíshì,Prefecture City,NA,NA,0.636383827335907
CHN.26.22_1,CHN,China,CHN.26_1,Sichuan,四川,Ziyang,Zīyáng,资阳市,Dìjíshì,Prefecture City,NA,NA,0.461410872417717
CHN.27.1_1,CHN,China,CHN.27_1,Tianjin,天津|天津,Tianjin,Tiānjīn,天津|天津,Zhíxiáshì,Municipality,NA,NA,5.29770627252677
CHN.28.1_1,CHN,China,CHN.28_1,Xinjiang Uygur,新疆維吾爾自治區|新疆维吾尔自治区,Aksu,Ākèsū,阿克苏地区,Dìqu,Prefecture,NA,NA,0.246885755656037
CHN.28.2_1,CHN,China,CHN.28_1,Xinjiang Uygur,新疆維吾爾自治區|新疆维吾尔自治区,Altay,Ālètài,阿勒泰地区,Dìqu,Prefecture,NA,NA,0.170654208728388
CHN.28.3_1,CHN,China,CHN.28_1,Xinjiang Uygur,新疆維吾爾自治區|新疆维吾尔自治区,Bayin'gholin Mongol,Bāyīnguōlèng Měnggǔ,巴音郭愣蒙古自治州,Zìzhìzhou,Autonomous Prefecture,NA,NA,0.110803479781519
CHN.28.4_1,CHN,China,CHN.28_1,Xinjiang Uygur,新疆維吾爾自治區|新疆维吾尔自治区,Börtala Mongol,Bó'ěrtǎlā Měnggǔ,博尔塔拉蒙古自治州,Zìzhìzhou,Autonomous Prefecture,NA,NA,0.204125226091448
CHN.28.5_1,CHN,China,CHN.28_1,Xinjiang Uygur,新疆維吾爾自治區|新疆维吾尔自治区,Changji Hui,Chāngjí Huízú,昌吉回族自治州,Zìzhìzhou,Autonomous Prefecture,NA,NA,0.352383442183796
CHN.28.6_1,CHN,China,CHN.28_1,Xinjiang Uygur,新疆維吾爾自治區|新疆维吾尔自治区,Hami,Hāmì,哈密地区,Dìqu,Prefecture,NA,NA,0.113982513636129
CHN.28.7_1,CHN,China,CHN.28_1,Xinjiang Uygur,新疆維吾爾自治區|新疆维吾尔自治区,Ili Kazakh,Yīlí Hāsàkè,伊犁哈萨克自治州,Zìzhìzhou,Autonomous Prefecture,NA,NA,0.297235886966984
CHN.28.8_1,CHN,China,CHN.28_1,Xinjiang Uygur,新疆維吾爾自治區|新疆维吾尔自治区,Karamay,Kèlāmǎyī,克拉玛依市,Dìjíshì,Prefecture City,NA,NA,1.39202773567043
CHN.28.9_1,CHN,China,CHN.28_1,Xinjiang Uygur,新疆維吾爾自治區|新疆维吾尔自治区,Kashgar,Kāshí,喀什地区,Dìqu,Prefecture,NA,NA,0.174249748244752
Z02.28.9_1,Z02,China,Z02.28_1,Xinjiang Uygur,新疆維吾爾自治區|新疆维吾尔自治区,Kashgar,Kāshí,喀什地区,Dìqu,Prefecture,NA,NA,0.142347620072605
CHN.28.10_1,CHN,China,CHN.28_1,Xinjiang Uygur,新疆維吾爾自治區|新疆维吾尔自治区,Khotan,Hétián,和田地区,Dìqu,Prefecture,NA,NA,0.128319814966867
Z03.28.10_1,Z03,China,Z03.28_1,Xinjiang Uygur,新疆維吾爾自治區|新疆维吾尔自治区,Khotan,Hétián,和田地区,Dìqu,Prefecture,NA,NA,0.116026710973661
CHN.28.11_1,CHN,China,CHN.28_1,Xinjiang Uygur,新疆維吾爾自治區|新疆维吾尔自治区,Kizilsu Kirghiz,Kèzīlèsū Kē'ěrkèzī,克孜勒苏柯尔克孜自治州,Zìzhìzhou,Autonomous Prefecture,NA,NA,0.10805102758799
CHN.28.12_1,CHN,China,CHN.28_1,Xinjiang Uygur,新疆維吾爾自治區|新疆维吾尔自治区,Shihezi,Shíhézǐ,石河子市,Dìjíshì,Prefecture City,NA,NA,4.61136976411601
CHN.28.13_1,CHN,China,CHN.28_1,Xinjiang Uygur,新疆維吾爾自治區|新疆维吾尔自治区,Tacheng,Tǎchéng,塔城地区,Dìqu,Prefecture,NA,NA,0.178478285423398
CHN.28.14_1,CHN,China,CHN.28_1,Xinjiang Uygur,新疆維吾爾自治區|新疆维吾尔自治区,Turfan,Tǔlǔfān,吐鲁番地区,Dìqu,Prefecture,NA,NA,0.141576084908347
CHN.28.15_1,CHN,China,CHN.28_1,Xinjiang Uygur,新疆維吾爾自治區|新疆维吾尔自治区,Ürümqi,Wūlǔmùqí,乌鲁木齐市,Dìjíshì,Prefecture City,NA,NA,1.78295252077728
CHN.29.1_1,CHN,China,CHN.29_1,Xizang,西藏自治區|西藏自治区,Chamdo,Chāngdū,昌都地区,Dìqu,Prefecture,NA,NA,0.0372406229105862
CHN.29.2_1,CHN,China,CHN.29_1,Xizang,西藏自治區|西藏自治区,Lhasa,Lāsà,拉萨市,Dìjíshì,Prefecture City,NA,NA,0.172091800477426
CHN.29.3_1,CHN,China,CHN.29_1,Xizang,西藏自治區|西藏自治区,Nagchu,Nàqū,那曲地区,Dìqu,Prefecture,NA,NA,0.0708137783949008
CHN.29.4_1,CHN,China,CHN.29_1,Xizang,西藏自治區|西藏自治区,Ngari,Ālǐ,阿里地区,Dìqu,Prefecture,NA,NA,0.0835474363919513
Z03.29.4_1,Z03,China,Z03.29_1,Xizang,西藏自治區|西藏自治区,Ngari,Ālǐ,阿里地区,Dìqu,Prefecture,NA,NA,0.100005287341202
Z08.29.4_1,Z08,China,Z08.29_1,Xizang,西藏自治區|西藏自治区,Ngari,Ālǐ,阿里地区,Dìqu,Prefecture,NA,NA,0.0841197974170116
CHN.29.5_1,CHN,China,CHN.29_1,Xizang,西藏自治區|西藏自治区,Nyingtri,Línzhī,林芝地区,Dìqu,Prefecture,NA,NA,0.0540946119526906
CHN.29.6_1,CHN,China,CHN.29_1,Xizang,西藏自治區|西藏自治区,Shannan,Shānnán,山南地区,Dìqu,Prefecture,NA,NA,0.0564689164596452
CHN.29.7_1,CHN,China,CHN.29_1,Xizang,西藏自治區|西藏自治区,Shigatse,Rìkāzé,日喀则地区,Dìqu,Prefecture,NA,NA,0.0616923737897164
CHN.30.1_1,CHN,China,CHN.30_1,Yunnan,雲南|云南,Baoshan,Bǎoshān,保山市,Dìjíshì,Prefecture City,NA,NA,0.141832850145124
CHN.30.2_1,CHN,China,CHN.30_1,Yunnan,雲南|云南,Chuxiong Yi,Chǔxióng Yízú,楚雄彝族自治州,Zìzhìzhou,Autonomous Prefecture,NA,NA,0.148997250175668
CHN.30.3_1,CHN,China,CHN.30_1,Yunnan,雲南|云南,Dali Bai,Dàlǐ Báizú,大理白族自治州,Zìzhìzhou,Autonomous Prefecture,NA,NA,0.228444509440969
CHN.30.4_1,CHN,China,CHN.30_1,Yunnan,雲南|云南,Dehong Dai and Jingpo,Déhóng Dǎizú|Jǐngpōzú,德宏傣族景颇族自治州,Zìzhìzhou,Autonomous Prefecture,NA,NA,0.223745903343241
CHN.30.5_1,CHN,China,CHN.30_1,Yunnan,雲南|云南,Dêqên Tibetan,Díqìng Zàngzú,迪庆藏族自治州,Zìzhìzhou,Autonomous Prefecture,NA,NA,0.0511953380734678
CHN.30.6_1,CHN,China,CHN.30_1,Yunnan,雲南|云南,Honghe Hani and Yi,Hónghé Hānízú|Yízú,红河哈尼族彝族自治州,Zìzhìzhou,Autonomous Prefecture,NA,NA,0.22852129408029
CHN.30.7_1,CHN,China,CHN.30_1,Yunnan,雲南|云南,Kunming,Kūnmíng,昆明市,Dìjíshì,Prefecture City,NA,NA,1.31036180760507
CHN.30.8_1,CHN,China,CHN.30_1,Yunnan,雲南|云南,Lijiang,Lìjiāng,丽江市,Dìjíshì,Prefecture City,NA,NA,0.126672928529656
CHN.30.9_1,CHN,China,CHN.30_1,Yunnan,雲南|云南,Lincang,Líncāng,临沧市,Dìjíshì,Prefecture City,NA,NA,0.0936540014026345
CHN.30.10_1,CHN,China,CHN.30_1,Yunnan,雲南|云南,Nujiang Lisu,Nùjiāng Lìsùzú,怒江傈僳族自治州,Zìzhìzhou,Autonomous Prefecture,NA,NA,0.0665011907384561
CHN.30.11_1,CHN,China,CHN.30_1,Yunnan,雲南|云南,Pu'er,Pǔ'ěr,普洱市,Dìjíshì,Prefecture City,NA,NA,0.0553596715295949
CHN.30.12_1,CHN,China,CHN.30_1,Yunnan,雲南|云南,Qujing,Qǔjìng,曲靖市,Dìjíshì,Prefecture City,NA,NA,0.355694959171182
CHN.30.13_1,CHN,China,CHN.30_1,Yunnan,雲南|云南,Wenshan Zhuang and Miao,Wénshān Zhuàngzú|Miáozú,文山壮族苗族自治州,Zìzhìzhou,Autonomous Prefecture,NA,NA,0.140499515532871
CHN.30.14_1,CHN,China,CHN.30_1,Yunnan,雲南|云南,Xishuangbanna Dai,Xīshuāngbǎnnà|Dǎizú,西双版纳傣族自治州,Zìzhìzhou,Autonomous Prefecture,NA,NA,0.112744656981078
CHN.30.15_1,CHN,China,CHN.30_1,Yunnan,雲南|云南,Yuxi,Yùxī,玉溪市,Dìjíshì,Prefecture City,NA,NA,0.445609020394276
CHN.30.16_1,CHN,China,CHN.30_1,Yunnan,雲南|云南,Zhaotong,Zhāotōng,昭通市,Dìjíshì,Prefecture City,NA,NA,0.228276466239596
CHN.31.1_1,CHN,China,CHN.31_1,Zhejiang,浙江,Hangzhou,Hángzhōu,杭州市,Dìjíshì,Prefecture City,NA,NA,2.38832564860153
CHN.31.2_1,CHN,China,CHN.31_1,Zhejiang,浙江,Huzhou,Húzhōu,湖州市,Dìjíshì,Prefecture City,NA,NA,1.83144689483388
CHN.31.3_1,CHN,China,CHN.31_1,Zhejiang,浙江,Jiaxing,Jiāxīng,嘉兴市,Dìjíshì,Prefecture City,NA,NA,4.32483698000744
CHN.31.4_1,CHN,China,CHN.31_1,Zhejiang,浙江,Jinhua,Jīnhuá,金华市,Dìjíshì,Prefecture City,NA,NA,2.19565988962261
CHN.31.5_1,CHN,China,CHN.31_1,Zhejiang,浙江,Lishui,Líshuǐ,丽水市,Dìjíshì,Prefecture City,NA,NA,0.369422882969062
CHN.31.6_1,CHN,China,CHN.31_1,Zhejiang,浙江,Ningbo,Níngbō,宁波市,Dìjíshì,Prefecture City,NA,NA,4.83462895820793
CHN.31.7_1,CHN,China,CHN.31_1,Zhejiang,浙江,Quzhou,Qúzhōu,衢州市,Dìjíshì,Prefecture City,NA,NA,0.529565583779995
CHN.31.8_1,CHN,China,CHN.31_1,Zhejiang,浙江,Shaoxing,Shàoxīng,绍兴市,Dìjíshì,Prefecture City,NA,NA,2.0921568526485
CHN.31.9_1,CHN,China,CHN.31_1,Zhejiang,浙江,Taizhou,Tāizhōu,台州市,Dìjíshì,Prefecture City,NA,NA,1.95570122256371
CHN.31.10_1,CHN,China,CHN.31_1,Zhejiang,浙江,Wenzhou,Wēnzhōu,温州市,Dìjíshì,Prefecture City,NA,NA,1.91814208621125
CHN.31.11_1,CHN,China,CHN.31_1,Zhejiang,浙江,Zhoushan,Zhōushān,舟山市,Dìjíshì,Prefecture City,NA,NA,3.21892354862081
